{"stats":{"minecraft:killed":{"minecraft:sheep":4},"minecraft:mined":{"minecraft:grass":13,"minecraft:birch_log":19,"minecraft:birch_leaves":4,"minecraft:crafting_table":1,"paraglider:goddess_statue":1,"minecraft:yellow_bed":1},"minecraft:crafted":{"minecraft:birch_planks":64,"minecraft:crafting_table":1,"minecraft:stick":8,"minecraft:wooden_pickaxe":1,"minecraft:wooden_axe":1},"minecraft:picked_up":{"minecraft:birch_log":19,"minecraft:crafting_table":1,"minecraft:arrow":2,"minecraft:bone":2,"minecraft:rotten_flesh":2,"minecraft:wheat_seeds":1,"minecraft:yellow_bed":2,"paraglider:goddess_statue":1,"minecraft:mutton":6,"minecraft:birch_sapling":1,"minecraft:white_wool":4},"minecraft:used":{"minecraft:wooden_axe":1,"minecraft:white_wool":1,"minecraft:crafting_table":1},"minecraft:custom":{"minecraft:open_chest":1,"minecraft:time_since_rest":13974,"minecraft:play_one_minute":13974,"minecraft:sprint_one_cm":1363,"minecraft:damage_taken":20,"minecraft:walk_one_cm":80441,"minecraft:mob_kills":4,"minecraft:jump":173,"minecraft:damage_dealt":319,"minecraft:leave_game":1,"minecraft:time_since_death":13974,"minecraft:interact_with_crafting_table":5,"minecraft:fall_one_cm":3267,"minecraft:fly_one_cm":970}},"DataVersion":2586}