{"stats":{"minecraft:killed":{"minecraft:iron_golem":1},"minecraft:mined":{"minecraft:white_bed":2,"minecraft:birch_log":5,"minecraft:stonecutter":1,"minecraft:oak_leaves":1,"minecraft:crafting_table":2},"minecraft:crafted":{"minecraft:birch_planks":20,"minecraft:crafting_table":1,"minecraft:stick":4,"minecraft:wooden_pickaxe":1,"minecraft:wooden_axe":1},"minecraft:dropped":{"minecraft:white_bed":1},"minecraft:picked_up":{"minecraft:birch_log":5,"minecraft:crafting_table":2,"minecraft:stonecutter":1,"minecraft:iron_ingot":3,"minecraft:poppy":2,"minecraft:white_bed":2},"minecraft:used":{"minecraft:wooden_axe":14,"minecraft:crafting_table":2,"minecraft:birch_planks":3,"minecraft:cooked_porkchop":2,"minecraft:wooden_pickaxe":1},"minecraft:custom":{"minecraft:time_since_rest":0,"minecraft:play_one_minute":10100,"minecraft:crouch_one_cm":1210,"minecraft:sprint_one_cm":28662,"minecraft:damage_taken":105,"minecraft:walk_one_cm":15091,"minecraft:sneak_time":852,"minecraft:mob_kills":1,"minecraft:drop":1,"minecraft:jump":122,"minecraft:damage_dealt":1070,"minecraft:leave_game":1,"minecraft:sleep_in_bed":1,"minecraft:time_since_death":10100,"minecraft:interact_with_crafting_table":2,"minecraft:fall_one_cm":4488,"minecraft:fly_one_cm":19706}},"DataVersion":2586}