{"stats":{"minecraft:custom":{"minecraft:time_since_rest":13906,"minecraft:interact_with_furnace":4,"minecraft:sprint_one_cm":41152,"minecraft:damage_taken":510,"minecraft:walk_one_cm":19833,"minecraft:mob_kills":24,"minecraft:damage_dealt":2230,"minecraft:interact_with_crafting_table":4,"minecraft:fly_one_cm":64190,"minecraft:crouch_one_cm":513,"minecraft:play_time":13906,"minecraft:interact_with_campfire":26,"minecraft:sneak_time":218,"minecraft:jump":294,"minecraft:leave_game":1,"minecraft:time_since_death":13906,"minecraft:walk_on_water_one_cm":93,"minecraft:total_world_time":13906,"minecraft:fall_one_cm":9204},"minecraft:killed":{"minecraft:sheep":14,"minecraft:horse":1,"minecraft:pig":4,"minecraft:cow":5},"minecraft:used":{"minecraft:cooked_mutton":1,"minecraft:stone_pickaxe":12,"minecraft:stone_axe":31,"minecraft:soul_campfire":3,"minecraft:cobblestone":1,"minecraft:oak_slab":2,"minecraft:crafting_table":2,"minecraft:furnace":1,"minecraft:cooked_beef":4},"minecraft:picked_up":{"minecraft:crafting_table":1,"minecraft:cooked_porkchop":9,"minecraft:leather":9,"minecraft:porkchop":9,"minecraft:oak_log":6,"minecraft:cornflower":1,"minecraft:dirt":1,"minecraft:cooked_mutton":17,"minecraft:wheat_seeds":3,"minecraft:beef":9,"minecraft:sugar_cane":8,"minecraft:mutton":17,"minecraft:white_wool":14,"minecraft:cobblestone":12},"minecraft:mined":{"minecraft:cornflower":2,"minecraft:crafting_table":1,"minecraft:grass":53,"minecraft:grass_block":1,"minecraft:oak_log":6,"minecraft:tall_grass":2,"minecraft:stone":12,"minecraft:sugar_cane":4},"minecraft:crafted":{"minecraft:cooked_beef":8,"minecraft:oak_slab":6,"minecraft:oak_planks":24,"minecraft:crafting_table":1,"minecraft:stick":8,"minecraft:furnace":1,"minecraft:stone_axe":1,"minecraft:air":0}},"DataVersion":2975}