{"stats":{"minecraft:custom":{"minecraft:time_since_rest":6000,"minecraft:crouch_one_cm":513,"minecraft:play_time":6000,"minecraft:sprint_one_cm":19184,"minecraft:damage_taken":20,"minecraft:walk_one_cm":7749,"minecraft:sneak_time":209,"minecraft:mob_kills":14,"minecraft:jump":140,"minecraft:damage_dealt":1410,"minecraft:walk_on_water_one_cm":93,"minecraft:time_since_death":6000,"minecraft:total_world_time":6000,"minecraft:interact_with_crafting_table":2,"minecraft:fall_one_cm":4702,"minecraft:fly_one_cm":32720},"minecraft:killed":{"minecraft:sheep":6,"minecraft:horse":1,"minecraft:pig":2,"minecraft:cow":5},"minecraft:used":{"minecraft:stone_axe":18,"minecraft:crafting_table":1,"minecraft:stone_pickaxe":12},"minecraft:picked_up":{"minecraft:crafting_table":1,"minecraft:leather":9,"minecraft:beef":9,"minecraft:porkchop":3,"minecraft:oak_log":6,"minecraft:sugar_cane":8,"minecraft:mutton":7,"minecraft:dirt":1,"minecraft:white_wool":6,"minecraft:cobblestone":12},"minecraft:mined":{"minecraft:grass":9,"minecraft:grass_block":1,"minecraft:oak_log":6,"minecraft:stone":12,"minecraft:sugar_cane":4,"minecraft:crafting_table":1},"minecraft:crafted":{"minecraft:oak_planks":8,"minecraft:stone_axe":1,"minecraft:crafting_table":1,"minecraft:stick":8}},"DataVersion":2975}