{"stats":{"minecraft:killed_by":{"minecraft:zombie":1},"minecraft:mined":{"minecraft:oak_log":4},"minecraft:crafted":{"minecraft:oak_planks":16},"minecraft:picked_up":{"minecraft:oak_log":4,"minecraft:white_bed":1},"minecraft:used":{"minecraft:white_bed":1},"minecraft:custom":{"minecraft:jump":113,"minecraft:open_chest":2,"minecraft:time_since_rest":0,"minecraft:sprint_one_cm":10806,"minecraft:crouch_one_cm":299,"minecraft:play_one_minute":14196,"minecraft:deaths":1,"minecraft:damage_taken":340,"minecraft:time_since_death":12846,"minecraft:walk_one_cm":28391,"minecraft:sleep_in_bed":1,"minecraft:sneak_time":39,"minecraft:fall_one_cm":3580,"minecraft:fly_one_cm":3476}},"DataVersion":2586}